candidate_id,rank,score,reasoning
CAND_0094759,1,0.9921,"The candidate has extensive experience building production AI systems with a strong focus on search, retrieval, and ranking, which closely matches the responsibilities of this role. They have successfully designed and improved a candidate–job matching pipeline, demonstrating expertise in embeddings, hybrid retrieval, learning-to-rank, and rigorous evaluation metrics. Their hands-on experience with vector databases, LLM fine-tuning, and large-scale production deployments shows the ability to build scalable AI solutions from end to end. Additionally, their background at leading product companies and over eight years of recent engineering experience make them an excellent fit for owning and evolving the intelligence layer of the platform."
CAND_0006567,2,0.9854,"This candidate is an excellent fit for the role due to extensive hands-on experience building production search and ranking systems at scale, which closely aligns with the core responsibilities of the position. Their work on search infrastructure, BM25, vector representations, text encoders, and NLP demonstrates a strong understanding of retrieval systems and relevance optimization. Experience at product companies such as Meta and Glance also matches the preference for engineers who have shipped real-world AI systems rather than research-focused projects. Although the resume does not explicitly mention LLM fine-tuning, hybrid retrieval, or vector databases, the depth of practical experience in large-scale ranking and search makes this candidate one of the strongest matches for the JD."
CAND_0018499,3,0.9786,"his candidate has hands-on experience in developing production search, retrieval, and ranking systems using hybrid retrieval, embedding models, and learning-to-rank techniques. Their work includes embedding model selection, fine-tuning, offline and online evaluation, and the use of vector databases such as Weaviate, Pinecone, and Milvus. They have practical experience integrating LLMs with classical information retrieval approaches and have worked across both startup and large-scale product environments. The resume demonstrates end-to-end ownership of production AI systems with a strong emphasis on scalable search and retrieval technologies."
CAND_0077337,4,0.9754,"Brings seven years of hands-on experience building production ML systems focused on search, retrieval, and ranking, closely aligning with the core technical requirements of the role. Designed and deployed a hybrid retrieval system combining BM25 with dense vector search at a scale of over 50 million queries per month, demonstrating strong production expertise. Possesses practical experience in embedding model selection, fine-tuning, learning-to-rank, and offline as well as online evaluation, along with technologies such as Pinecone, Qdrant, OpenSearch, and Sentence Transformers. The resume also reflects an engineering mindset centered on shipping scalable, production-ready AI systems with measurable impact."
CAND_0081846,5,0.9721,"Demonstrates solid experience in building production search, retrieval, and ranking systems, with hands-on expertise in hybrid retrieval, embedding model selection, learning-to-rank, and evaluation frameworks. Successfully improved ranking quality by significantly increasing NDCG@10 for a high-volume production pipeline, reflecting a strong understanding of relevance optimization. Experience with technologies such as Elasticsearch, Qdrant, and LLM-assisted retrieval shows familiarity with modern AI search infrastructure and production deployment. The resume also highlights practical decision-making around combining classical information retrieval techniques with LLMs, backed by experience in fast-paced product environments."
CAND_0039754,6,0.9706,"Brings extensive experience developing production search, retrieval, and ranking systems, with hands-on expertise in hybrid retrieval, embedding model selection, learning-to-rank, and end-to-end evaluation. Successfully rebuilt a candidate–JD matching pipeline, significantly improving ranking quality while supporting over 50 million queries per month, demonstrating strong production-scale impact. Possesses deep knowledge of modern retrieval technologies, including BM25, Qdrant, Weaviate, OpenSearch, Elasticsearch, pgvector, and LLM fine-tuning, backed by strong Python and ML engineering skills. Experience across leading product companies reflects a solid background in designing, deploying, and optimizing large-scale AI systems."
CAND_0046525,7,0.96684,"Shows solid experience in building production search, retrieval, and ranking systems, including designing a hybrid retrieval architecture that combines BM25 with dense vector search while handling high-throughput production workloads. Possesses hands-on expertise in embedding models, learning-to-rank, information retrieval, LLMs, and technologies such as Elasticsearch, Qdrant, Sentence Transformers, and pgvector. The resume reflects a practical engineering approach with experience delivering production-ready AI systems across both AI services and product environments. While the technical foundation aligns well with the role, the longer notice period and comparatively limited evidence of large-scale evaluation frameworks and retrieval optimization slightly reduce the overall fit."
CAND_0080766,8,0.9642,"rings extensive experience building large-scale search, retrieval, and ranking systems, with a strong emphasis on production deployment and relevance optimization across multiple product companies. Possesses hands-on expertise in search infrastructure, information retrieval, Elasticsearch, OpenSearch, Milvus, Python, and LLM adaptation techniques such as LoRA and QLoRA. The resume reflects end-to-end ownership of intelligent search systems, backed by experience spanning infrastructure, machine learning, and product engineering. While the production search experience is highly relevant, the resume provides less explicit evidence of embedding model development, hybrid retrieval implementation, and structured ranking evaluation compared with the strongest profiles."
CAND_0062247,9,0.9594,"Demonstrates solid experience building production ML systems with a focus on NLP, recommendation systems, and embedding-based retrieval. Led the migration from keyword-based search to embedding-based retrieval, showing practical expertise in modern retrieval architectures and production ranking optimization. Possesses hands-on experience with vector search, Pinecone, Qdrant, BM25, Learning-to-Rank, RAG, and Hugging Face Transformers, reflecting a strong foundation in information retrieval and applied AI. Experience at product companies, including Google and Dream11, highlights the ability to develop and deploy scalable machine learning solutions in real-world environments."
CAND_0058688,10,0.9518,"Brings solid experience developing production ML systems with a strong background in recommendation systems, semantic search, and information retrieval. Hands-on work with embeddings, Milvus, LlamaIndex, A/B testing, drift monitoring, and retraining pipelines demonstrates practical exposure to deploying and maintaining AI systems in production. Experience building large-scale recommendation engines and working at product companies provides relevant expertise in relevance optimization and user-facing ML applications. While the resume aligns well with several core requirements, it provides less direct evidence of hybrid retrieval, learning-to-rank, and production search infrastructure compared to the strongest profiles."
CAND_0037980,11,0.9487,"Possesses extensive experience building production search, retrieval, and ranking systems, with hands-on expertise in search infrastructure, indexing algorithms, BM25, information retrieval, and recommendation systems. Experience with technologies such as pgvector, Haystack, LoRA, QLoRA, and PyTorch demonstrates strong knowledge of modern retrieval pipelines and LLM adaptation techniques. The resume reflects practical ownership of production AI systems across multiple product-focused organizations, with an emphasis on relevance optimization and scalable search solutions. While the profile aligns well with the role, it provides less explicit evidence of hybrid retrieval architectures, embedding model optimization, and comprehensive evaluation frameworks than the strongest candidates."
CAND_0008295,12,0.8896,"Brings a solid background in applied machine learning with experience in recommendation systems, predictive modeling, NLP, and production ML workflows. Possesses practical knowledge of Python, BM25, Weaviate, Kubernetes, MLflow, and modern LLM adaptation techniques such as PEFT and QLoRA, providing a good foundation for AI engineering. Experience at Razorpay demonstrates exposure to real-world product environments, although the resume indicates stronger expertise in modeling and analytics than in building large-scale retrieval and ranking infrastructure. The profile also explicitly mentions developing deeper expertise in retrieval, LLMs, and production AI systems, suggesting that some of the role's core requirements are still evolving."
CAND_0043676,13,0.8735,"Has solid experience in applied machine learning with exposure to NLP, recommendation systems, semantic search, and production ML workflows. Hands-on experience with technologies such as PEFT, LoRA, QLoRA, TensorFlow, MLflow, and Python provides a good foundation for modern AI engineering. Experience at Observe.AI reflects work on real-world AI products, but the resume emphasizes classical machine learning and modeling more than production retrieval, ranking, and search infrastructure. While the profile demonstrates strong potential, it provides limited evidence of hybrid retrieval systems, vector databases, large-scale search optimization, and end-to-end ranking evaluation that are central to this role."
CAND_0067866,14,0.8614,"Brings experience in applied machine learning with exposure to embeddings, Elasticsearch, Qdrant, pgvector, and modern MLOps tooling, providing a solid technical foundation for AI development. Has worked on production ML use cases across SaaS and fintech environments, with practical experience in deploying and maintaining machine learning solutions. The resume demonstrates familiarity with technologies relevant to retrieval systems, including vector search and LLM adaptation techniques such as LoRA and PEFT. However, the primary focus has been on predictive modeling rather than production search, retrieval, and ranking systems, with limited evidence of hybrid retrieval architectures, learning-to-rank, or large-scale evaluation frameworks."
CAND_0051004,15,0.8602,"Demonstrates hands-on experience building production ML systems with a strong focus on NLP, recommendation systems, and embedding-based retrieval. Led the migration from keyword-based search to embedding-based retrieval, reflecting practical experience with modern retrieval architectures and an understanding of evaluation-driven relevance optimization. Possesses expertise in vector search, Qdrant, Haystack, LlamaIndex, fine-tuning LLMs, PEFT, LoRA, MLOps, and PyTorch, providing a solid foundation in production AI systems. Although the experience is slightly below the preferred range in the JD, the technical background and exposure to retrieval technologies align well with many of the role's core requirements."
CAND_0059795,16,0.8479,"Has experience in applied machine learning with exposure to NLP, LLMs, Hugging Face Transformers, Python, and production ML model development across AI and fintech domains. Worked on deploying machine learning solutions while also contributing to analytics workflows, demonstrating practical experience in real-world ML applications. The resume reflects a solid foundation in machine learning and modern AI technologies, but places greater emphasis on predictive modeling and analytics than on production search, retrieval, and ranking systems. It also provides limited evidence of hybrid retrieval, vector databases, learning-to-rank, and large-scale evaluation frameworks that are central to the requirements of this role."
CAND_0076482,17,0.8415,"Has experience in applied machine learning with exposure to embeddings, RAG, OpenSearch, Pinecone, pgvector, and Hugging Face Transformers, providing a good foundation in modern AI technologies. Worked on production ML solutions across e-commerce and fintech domains, demonstrating practical experience in deploying machine learning models for real-world applications. The resume also reflects familiarity with vector search and retrieval-related technologies, supported by strong feature engineering skills. However, the primary focus has been on predictive modeling rather than production search, retrieval, and ranking systems, with limited evidence of hybrid retrieval architectures, learning-to-rank, and comprehensive evaluation frameworks."
CAND_0041610,18,0.8409,"Has strong experience building production recommendation, search, and machine learning systems across SaaS, AI, ad-tech, and product companies. Led the migration from keyword-based search to embedding-based retrieval and demonstrates practical expertise in evaluation, learning-to-rank, embeddings, BM25, Elasticsearch, OpenSearch, pgvector, and recommendation systems. The resume reflects end-to-end experience in developing and deploying production AI solutions with a focus on relevance optimization and retrieval technologies. While the profile aligns well with many of the role's core requirements, it provides less explicit evidence of hybrid retrieval architectures, vector database usage, and large-scale offline/online evaluation frameworks than the strongest matches."
CAND_0048558,19,0.8332,"Has experience in applied machine learning across AI and fintech domains, with exposure to information retrieval, OpenSearch, Elasticsearch, and Qdrant. Worked on predictive modeling, NLP, and production ML workflows, demonstrating a solid foundation in machine learning and data-driven systems. The resume shows familiarity with retrieval-related technologies and feature engineering, but places greater emphasis on predictive analytics than on production search, retrieval, and ranking systems. It also provides limited evidence of embedding-based retrieval, hybrid search, learning-to-rank, and large-scale evaluation frameworks that are central to this role."
CAND_0037566,20,0.8301,"Has experience building production ML systems with a strong focus on NLP, recommendation systems, and applied AI. Recently developed a RAG-based feature and owns its evaluation framework, demonstrating practical experience with retrieval pipelines and the importance of measuring retrieval quality. Possesses hands-on expertise in Pinecone, BM25, Elasticsearch, LlamaIndex, LLMs, LoRA, QLoRA, and MLflow, providing a solid foundation in modern retrieval and LLM technologies. Experience at LinkedIn and Paytm reflects exposure to large-scale product environments, although the resume provides less explicit evidence of hybrid retrieval architectures and production learning-to-rank systems than the strongest profiles."
CAND_0016553,21,0.7214,"Has extensive professional experience, but it is centered on content writing and design rather than building production AI or machine learning systems. Although the profile includes exposure to RAG, LangChain, LLMs, embeddings, and vector databases through online learning and side projects, there is no evidence of deploying production retrieval, ranking, or search systems. The career history does not demonstrate hands-on experience with production ML engineering, evaluation frameworks, or large-scale AI infrastructure, which are core requirements of the role. The technical skills appear to be exploratory rather than backed by relevant professional engineering experience."
CAND_0068811,22,0.7109,"Has extensive experience building production ML systems with a strong focus on NLP, recommendation systems, and embedding-based retrieval. Led the migration from keyword-based search to embedding-based retrieval, demonstrating practical experience in modern retrieval architectures and evaluation-driven model improvements. Possesses hands-on expertise with Pinecone, Qdrant, Weaviate, pgvector, Haystack, OpenSearch, Kubeflow, and TensorFlow, reflecting strong exposure to scalable vector search and production AI infrastructure. Experience across Freshworks, Yellow.ai, Meesho, and Salesforce demonstrates a solid background in developing and deploying production-grade AI systems, although the resume provides less explicit evidence of learning-to-rank and large-scale ranking evaluation frameworks than the strongest profiles."
CAND_0077092,23,0.6834,"Has extensive professional experience with exposure to software development and enterprise project environments. Demonstrates knowledge of AI technologies, including embeddings, vector search, FAISS, Pinecone, Sentence Transformers, and LLM fine-tuning. Possesses experience with technologies such as Flask, Spring Boot, SQL, and enterprise application development, providing a solid technical foundation. The profile also reflects continuous learning and practical exploration of retrieval and LLM-based technologies through hands-on projects."
CAND_0066945,24,0.6625,"Has extensive professional experience with strong leadership, stakeholder management, and project delivery across enterprise environments. Demonstrates knowledge of modern AI technologies, including RAG, semantic search, vector search, Pinecone, embeddings, Sentence Transformers, Hugging Face Transformers, LangChain, and information retrieval concepts. Possesses experience with Docker, JavaScript, Agile methodologies, and prompt engineering, reflecting a broad technical foundation and continuous learning in Generative AI. The profile also shows active exploration of retrieval-based AI systems and LLM technologies through hands-on experimentation and upskilling."
CAND_0058463,25,0.6483,"Has strong experience building backend systems, data pipelines, and analytics infrastructure with expertise in Python, ETL, Airflow, and large-scale data engineering. Demonstrates exposure to modern AI technologies through PyTorch, Pinecone, Sentence Transformers, BentoML, and deep learning projects, providing a solid foundation for AI system development. Experience across SaaS, food delivery, and EdTech environments reflects practical knowledge of scalable software engineering and data infrastructure. The profile also shows initiative in expanding into machine learning through hands-on projects and model fine-tuning while leveraging a strong engineering background."
CAND_0000828,26,0.6329,"Has extensive experience leading projects and managing cross-functional teams, with exposure to enterprise software development and data engineering technologies. Demonstrates knowledge of modern AI concepts and tools, including RAG, FAISS, embeddings, vector search, semantic search, LangChain, Hugging Face Transformers, and information retrieval. Possesses experience with backend technologies such as Java, Go, REST APIs, MongoDB, ETL, microservices, and data pipelines, providing a solid technical foundation. The profile also reflects continuous learning and practical exploration of Generative AI and retrieval-based systems through hands-on experimentation."
CAND_0002969,27,0.6184,"Has strong experience building data pipelines, backend systems, and analytics infrastructure, providing a solid foundation for production-scale data and AI workflows. Demonstrates expertise in Python, Weaviate, pgvector, Kubeflow, semantic search, and AWS, with exposure to technologies commonly used in modern AI systems. Experience across EdTech and fintech environments reflects practical knowledge of scalable data engineering and infrastructure supporting machine learning applications. The profile also shows hands-on exposure to retrieval-related technologies and a strong interest in expanding into applied AI and machine learning."
CAND_0078654,28,0.5941,"Has extensive experience in leadership, stakeholder management, and cross-functional project execution across enterprise environments. Demonstrates knowledge of modern AI technologies, including RAG, LangChain, FAISS, embeddings, vector search, Sentence Transformers, Hugging Face Transformers, information retrieval, and LLM fine-tuning. Possesses exposure to data engineering concepts such as ETL, data pipelines, and Node.js, providing a technical foundation for AI-enabled applications. The profile also reflects continuous learning and practical exploration of Generative AI technologies through hands-on experimentation and upskilling."
CAND_0070449,29,0.588,"Has strong experience building backend systems, data pipelines, and analytics infrastructure with expertise in Python, Spark, Airflow, and scalable software engineering. Demonstrates exposure to modern AI technologies through Hugging Face Transformers, Sentence Transformers, Kubeflow, MLflow, LoRA, and LLMs, providing a solid foundation in machine learning workflows. Experience across SaaS and fintech product companies reflects practical knowledge of developing reliable production systems and data platforms. The profile also shows initiative in expanding AI and machine learning expertise through hands-on projects while leveraging a strong data engineering background."
CAND_0063737,30,0.5879,"Has extensive experience in leadership, stakeholder management, and project coordination across enterprise environments. Demonstrates knowledge of modern AI technologies, including RAG, embeddings, vector search, Pinecone, LangChain, Sentence Transformers, and LLM fine-tuning, along with exposure to SQL, GraphQL, Databricks, and TypeScript. Possesses a solid technical foundation with familiarity in building data-driven applications and exploring retrieval-based AI technologies. The profile also reflects continuous upskilling in Generative AI through hands-on learning and practical experimentation with modern AI frameworks."
CAND_0017955,31,0.5721,"Experience managing large-scale projects has helped develop strong coordination, planning, and cross-functional collaboration skills in enterprise environments. The profile demonstrates familiarity with modern AI concepts through work with LangChain, embeddings, vector search, Sentence Transformers, RAG, information retrieval, and LLMs, along with exposure to technologies such as Django, React, Redis, CI/CD, and Apache Flink. A broad technical toolkit combined with continuous learning in Generative AI highlights an interest in transitioning toward AI-driven software development. The blend of technical exposure and project management experience provides a foundation for working on AI-enabled solutions."
CAND_0053882,32,0.5568,"Built extensive experience managing operations, process optimization, and cross-functional initiatives across enterprise environments, demonstrating strong organizational and execution capabilities. The profile shows familiarity with retrieval-focused AI technologies such as Pinecone, FAISS, vector search, semantic search, RAG, Hugging Face Transformers, and prompt engineering, along with exposure to Airflow, PostgreSQL, GraphQL, and modern web technologies. Experience working across software and IT organizations provides an understanding of technology-driven business workflows. Continuous exploration of Generative AI and information retrieval concepts highlights a proactive effort to expand technical expertise."
CAND_0017093,33,0.5489,"Built a solid foundation in applied machine learning through work on predictive modeling, NLP, and production ML workflows across SaaS and HealthTech domains. Experience with BM25, embeddings, learning-to-rank, pgvector, Airflow, and feature engineering demonstrates familiarity with several technologies relevant to modern search and retrieval systems. Exposure to LLMs and end-to-end machine learning pipelines, combined with strong Python-based ML skills, adds further technical depth. The profile reflects a clear progression toward taking greater ownership of production ML systems while expanding expertise in retrieval and AI engineering."
CAND_0011925,34,0.5342,"Strong experience in backend engineering and data infrastructure has provided expertise in building scalable data pipelines and analytics platforms across EdTech and fintech domains. Technical exposure to Kubernetes, Databricks, Apache Flink, AWS, Redis, Go, and QLoRA demonstrates familiarity with distributed systems and modern AI tooling. Experience supporting machine learning workflows through robust data engineering reflects an understanding of production-ready software development. The profile also shows initiative in expanding toward applied machine learning by combining a solid engineering background with hands-on exploration of modern AI techniques."
CAND_0074342,35,0.5218,"Experience in applied machine learning spans predictive modeling, NLP, and analytics across SaaS and fintech environments, providing a solid foundation in real-world ML development. Hands-on exposure to LangChain, Sentence Transformers, RAG, OpenSearch, LLMs, and QLoRA demonstrates familiarity with modern retrieval and Generative AI technologies. Work involving data pipelines and statistical modeling reflects practical knowledge of supporting machine learning workflows in production environments. The profile also shows a clear interest in advancing toward end-to-end AI system development by building expertise in retrieval and large language model applications."
CAND_0086036,36,0.5086,"Experience in operations and project management has developed strong capabilities in leading cross-functional initiatives and delivering business-critical projects. The profile demonstrates familiarity with modern AI technologies through exposure to RAG, LangChain, Pinecone, FAISS, Sentence Transformers, semantic search, vector search, and LLM fine-tuning. Technical knowledge of Django, PostgreSQL, Azure, and data science concepts provides a foundation for working with AI-enabled applications. Continuous learning in Generative AI and retrieval-based technologies reflects an active interest in expanding technical expertise into modern AI systems."
CAND_0020721,37,0.4961,"Experience in data engineering has provided strong expertise in building scalable data pipelines, backend systems, and analytics infrastructure for production environments. Exposure to AI-related technologies such as embeddings, FAISS, PEFT, Weights & Biases, and gRPC demonstrates familiarity with components commonly used in modern machine learning workflows. Work across SaaS and IT services has strengthened skills in handling large-scale data processing and engineering systems. The profile also reflects a growing interest in applied AI by combining a solid data engineering background with hands-on exploration of machine learning techniques."
CAND_0093039,38,0.4827,"Brings extensive experience in marketing, project management, and cross-functional collaboration across enterprise environments. Demonstrates familiarity with modern AI technologies through hands-on exposure to RAG, Pinecone, embeddings, semantic search, vector search, Hugging Face Transformers, LangChain, and information retrieval concepts. Technical knowledge of Kubernetes, AWS, Spark, REST APIs, and data pipelines provides additional exposure to technologies commonly used in AI-driven applications. The profile reflects continuous learning and practical exploration of Generative AI while building a broad technical skill set alongside business and leadership experience."
CAND_0018282,39,0.4689,"Experience in backend engineering and data infrastructure has built strong expertise in developing scalable data pipelines, distributed systems, and production software. Technical exposure to Kafka, Apache Beam, BM25, Hugging Face Transformers, Kubeflow, RAG, BentoML, Flask, and NLP demonstrates familiarity with technologies relevant to modern AI and retrieval systems. Work across fintech and enterprise software environments has strengthened skills in building reliable backend and data processing platforms. The profile also reflects a clear interest in expanding from data engineering into applied machine learning through hands-on projects and AI-focused upskilling."
CAND_0032852,40,0.4547,"Extensive experience in operations management has developed strong capabilities in leading teams, managing projects, and coordinating cross-functional initiatives across enterprise environments. The profile demonstrates familiarity with modern AI technologies through RAG, FAISS, Hugging Face Transformers, Sentence Transformers, LLMs, information retrieval, and prompt engineering. Technical exposure to BigQuery, MongoDB, Go, TypeScript, and feature engineering provides a broader understanding of data-driven applications and software technologies. Continuous learning and practical exploration of Generative AI reflect a proactive approach toward adopting emerging AI capabilities."
CAND_0041913,41,0.4413,"Experience in software engineering and data infrastructure has built strong expertise in developing data pipelines, ETL workflows, and scalable backend systems across fintech and enterprise environments. Technical exposure to Spark, Snowflake, AWS, MLOps, BentoML, semantic search, and information retrieval demonstrates familiarity with technologies that support modern AI applications. The profile also includes experience with data science and machine learning concepts, providing a solid foundation for AI-driven development. Hands-on work with production data platforms and an interest in expanding into applied machine learning reflect a strong engineering mindset and continuous technical growth."
CAND_0046698,42,0.4261,"Experience in graphic design has developed strong creative problem-solving, stakeholder communication, and project execution skills across multiple organizations. The profile demonstrates familiarity with modern AI technologies through hands-on exposure to RAG, Pinecone, FAISS, embeddings, vector search, LangChain, Hugging Face Transformers, and prompt engineering. Technical knowledge of Java, JavaScript, Redux, Tailwind, and Terraform provides additional exposure to software development concepts. Continuous learning and exploration of Generative AI tools reflect a proactive effort to build expertise in emerging AI technologies."
CAND_0072925,43,0.4128,"Strong background in software engineering with experience developing backend applications, cloud systems, and APIs using technologies such as Python, Django, Node.js, Kafka, Elasticsearch, GCP, BigQuery, and Databricks. Experience building scalable cloud-based solutions provides a solid foundation for distributed systems and production software development. The profile also demonstrates initiative in learning modern AI technologies through hands-on work with RAG, LLM APIs, and related machine learning concepts. Exposure to both cloud infrastructure and backend engineering highlights versatility and a strong engineering foundation for AI-enabled platforms."
CAND_0070152,44,0.3985,"Built a strong software engineering foundation through experience in backend development, cloud deployments, REST APIs, and scalable SaaS applications across product and enterprise environments. Hands-on exposure to technologies such as OpenSearch, Pinecone, Kafka, Apache Beam, Apache Flink, Spark, Databricks, and Terraform demonstrates familiarity with distributed systems and modern data platforms. Experience across Zomato and other software organizations reflects practical knowledge of developing production-grade applications. The profile also shows initiative in exploring AI technologies through RAG projects and LLM APIs while expanding expertise in machine learning and retrieval-based systems."
CAND_0095276,45,0.3849,"Built extensive experience in DevOps, cloud engineering, and backend development across fintech and software organizations, contributing to scalable production infrastructure and deployment workflows. Strong exposure to technologies such as Go, Node.js, MongoDB, and BM25 demonstrates a solid engineering foundation with familiarity in backend systems and search-related concepts. Experience across DevOps and cloud platforms provides practical knowledge of automation, system reliability, and production operations. The profile also reflects continuous learning in AI through self-driven exploration of RAG, LLMs, and modern machine learning technologies."
CAND_0087187,46,0.3724,"Experience in DevOps, backend development, and cloud infrastructure has provided a strong foundation in building and maintaining scalable production systems. Technical expertise includes Docker, Kubernetes, AWS, Airflow, PostgreSQL, BigQuery, ETL, and Node.js, reflecting practical knowledge of deployment automation and data infrastructure. Exposure to web development, API-driven applications, and cloud technologies demonstrates versatility across different areas of software engineering. The profile also shows an active interest in expanding into AI and machine learning by exploring modern LLM and retrieval-based technologies through self-directed learning."
CAND_0046003,47,0.3596,"Built a strong foundation in full-stack development, cloud engineering, and DevOps through experience across software, fintech, and product organizations. Hands-on expertise with Apache Beam, data pipelines, Snowflake, BigQuery, GraphQL, Java, Flask, and cloud-based systems demonstrates experience in developing scalable backend and data-driven applications. Exposure to REST APIs, distributed systems, and production infrastructure reflects practical software engineering capabilities. The profile also shows initiative in exploring modern AI technologies through self-directed learning and experimentation with LLMs and retrieval-based applications."
CAND_0080340,48,0.3472,"Developed strong software engineering expertise through experience in DevOps, backend development, and full-stack application development across enterprise environments. Technical skills in FastAPI, Kafka, Apache Beam, Terraform, Azure, GCP, BigQuery, MongoDB, and Kubeflow demonstrate familiarity with cloud-native infrastructure, distributed systems, and modern data platforms. Exposure to data science and recommendation systems provides additional insight into AI-related technologies and machine learning workflows. The profile also reflects continuous learning in Generative AI through hands-on experimentation with LLMs and retrieval-based applications."
CAND_0057188,49,0.3369,"Strong experience in backend engineering, cloud systems, and full-stack development has provided expertise in building scalable APIs, microservices, and production software. Technical exposure to Kafka, gRPC, BentoML, TensorFlow, REST APIs, and distributed system architectures demonstrates familiarity with technologies that support modern AI and backend applications. Experience across fintech, IT services, and software engineering environments reflects a solid understanding of production infrastructure and application development. The profile also shows a proactive interest in expanding into AI by exploring LLMs and retrieval-based applications through self-driven learning and experimentation."
CAND_0085157,50,0.3256,"Built strong software engineering experience across backend development, DevOps, and application development, contributing to reliable production systems and scalable software solutions. Familiarity with technologies such as PostgreSQL, Node.js, Weights & Biases, CNNs, YOLO, and recommendation systems demonstrates exposure to both software engineering and machine learning concepts. Experience working across manufacturing, software, and IT services has strengthened technical versatility and system development skills. The profile also reflects continuous learning in AI through self-driven exploration of LLMs, retrieval-based applications, and modern machine learning technologies."
CAND_0009758,51,0.3142,"Experience across full-stack development, DevOps, and frontend engineering has provided a strong foundation in building and maintaining production software systems. Hands-on expertise with FastAPI, Redis, Azure, CI/CD, and data pipelines demonstrates familiarity with backend services, cloud infrastructure, and deployment workflows. Working across IT services and software organizations has strengthened skills in developing scalable applications and engineering reliable systems. The profile also reflects a proactive interest in modern AI technologies through self-directed learning and experimentation with LLMs and retrieval-based applications."
CAND_0003379,52,0.3027,"Experience across customer support, people management, and business operations has developed strong communication, stakeholder management, and problem-solving skills. Exposure to technologies such as Docker, Terraform, Databricks, Apache Beam, React, and HTML demonstrates familiarity with modern software and cloud ecosystems. The profile reflects an interest in leveraging AI tools to improve productivity and business workflows while continuously exploring emerging technologies. A diverse professional background across multiple domains highlights adaptability and the ability to work effectively in cross-functional environments."
CAND_0027211,53,0.2914,"Developed strong software engineering skills through experience in frontend development, web applications, and cloud-based systems across software and enterprise environments. Technical exposure to Kubeflow, MLflow, Flask, scikit-learn, GCP, Django, GraphQL, ETL, and Go demonstrates familiarity with machine learning workflows and modern backend technologies. Experience building web applications and REST-based services provides a solid foundation in scalable software development. The profile also reflects a proactive interest in AI by exploring RAG, LLM-based applications, and machine learning technologies through hands-on learning."
CAND_0061614,54,0.2798,"Built a strong software engineering foundation through experience in full-stack and frontend development across fintech and enterprise environments. Familiarity with technologies such as Redis, Snowflake, Airflow, Angular, Next.js, and recommendation systems demonstrates exposure to scalable backend services, data platforms, and modern web applications. Experience working on production software systems reflects practical knowledge of application development and deployment. The profile also highlights continuous learning in AI and machine learning through hands-on exploration of LLMs and retrieval-based technologies."
CAND_0061353,55,0.2683,"Experience in analytics engineering and data engineering has built strong expertise in developing data pipelines, analytics platforms, and backend systems across manufacturing, EdTech, and fintech domains. Technical exposure to SQL, Airflow, FastAPI, Kubeflow, gRPC, MongoDB, PEFT, and Learning-to-Rank demonstrates familiarity with modern data infrastructure and machine learning technologies. Hands-on work supporting production data workflows provides a solid foundation for scalable software and AI-enabled applications. The profile also reflects a strong interest in expanding into applied machine learning by combining data engineering expertise with practical exploration of ML techniques."
CAND_0035690,56,0.2569,"Experience in marketing and business operations has developed strong skills in stakeholder management, project execution, and cross-functional collaboration. The profile demonstrates familiarity with AI-related technologies through exposure to Pinecone, FAISS, vector search, semantic search, Sentence Transformers, and Hugging Face Transformers, along with technical tools such as Airflow, Flask, and Terraform. Experience across software and manufacturing organizations reflects adaptability and an understanding of technology-driven business environments. Continuous learning and exploration of Generative AI concepts highlight a proactive approach toward adopting emerging AI technologies."
CAND_0042560,57,0.2453,"Professional experience across engineering, project management, and customer-facing roles has developed strong collaboration, execution, and stakeholder management skills. Exposure to technologies such as SQL, Kafka, Angular, and microservices provides a basic understanding of modern software development concepts. Experience working in cross-functional environments reflects adaptability and familiarity with technology-driven organizations. The profile also demonstrates an active interest in exploring AI tools and emerging technologies to improve productivity and broaden technical capabilities."
CAND_0091528,58,0.2338,"Experience across customer support, marketing, and project-oriented roles has strengthened communication, stakeholder management, and business operations skills. Technical exposure to FastAPI, GraphQL, JavaScript, Vue.js, Tailwind, Terraform, and project management tools demonstrates familiarity with modern software development concepts. The profile reflects adaptability through work across multiple functional domains and technology-driven environments. An active interest in AI-assisted workflows and emerging technologies highlights a willingness to continuously learn and adopt new technical capabilities."
CAND_0010142,59,0.2214,"Built a strong software engineering foundation through experience in full-stack development, cloud engineering, and backend application development across software and IT environments. Technical expertise in Flask, Go, PostgreSQL, Redis, Snowflake, MLOps, CI/CD, React, and dbt demonstrates familiarity with scalable application development and modern deployment practices. Experience working on cloud-based systems and production software reflects practical knowledge of building reliable engineering solutions. The profile also shows initiative in exploring AI technologies through self-directed learning and experimentation with LLMs and retrieval-based applications."
CAND_0043495,60,0.2098,"Built a solid software engineering background through experience in mobile development, frontend engineering, and backend application development across software environments. Hands-on expertise with Python, FastAPI, Flask, Node.js, Go, Kubernetes, gRPC, CI/CD, and scikit-learn demonstrates familiarity with modern backend services and deployment practices. Experience developing production applications has strengthened skills in scalable software design and API-driven systems. The profile also reflects continuous learning in AI and machine learning through self-directed exploration of LLMs and retrieval-based technologies."
CAND_0017667,61,0.1984,"Developed strong software engineering skills through experience in frontend and full-stack development across fintech and software environments. Technical exposure to Apache Beam, Snowflake, QLoRA, CNNs, image classification, and Agile development demonstrates familiarity with modern data processing and machine learning concepts. Experience building web applications and working across different layers of the software stack provides a solid foundation in scalable application development. The profile also reflects an interest in expanding into AI and machine learning through continuous learning and hands-on exploration of emerging technologies."
CAND_0091603,62,0.1943,"Built strong experience in project coordination, operations, and stakeholder management across multiple business functions and enterprise environments. Exposure to technologies such as JavaScript, CSS, Hadoop, Azure, and Agile methodologies demonstrates familiarity with modern software and cloud ecosystems. Experience working across engineering, project management, and operations roles reflects adaptability and the ability to collaborate in technology-driven organizations. The profile also shows an active interest in exploring AI tools and emerging technologies to enhance productivity and business workflows."
CAND_0084113,63,0.1916,"Strong experience in mobile development, cloud engineering, and backend systems across IT services and software environments. Demonstrates familiarity with modern software tools and platforms including AWS, CI/CD, React, Apache Beam, Hadoop, dbt, BentoML, and feature engineering workflows. Experience working across DevOps and software engineering roles reflects solid capability in building and maintaining production systems. The profile also shows continuous self-driven exploration of AI technologies through experimentation with LLMs, RAG systems, and API-based tools."
CAND_0034683,64,0.1879,"Strong experience in mobile development, backend engineering, and DevOps across multiple enterprise and product environments. Technical exposure includes Go, Flask, React, Next.js, TypeScript, Kubeflow, Salesforce CRM, forecasting, and prompt engineering, showing familiarity with both software engineering and basic machine learning concepts. Experience across IT services and software companies demonstrates the ability to work on scalable systems, APIs, and cross-functional development workflows. The profile also reflects ongoing self-learning in AI/ML through experimentation with LLMs, RAG systems, and modern AI APIs."
CAND_0003639,65,0.1867,"Strong experience in software engineering across mobile development, DevOps, and cloud infrastructure roles in enterprise and fintech environments. Technical exposure includes PostgreSQL, Redis, Kubernetes, Apache Flink, FastAPI, Go, React, ETL pipelines, and TensorFlow, indicating familiarity with backend systems, distributed computing, and basic machine learning frameworks. Experience across multiple IT services and product companies demonstrates strong ability to build and maintain scalable systems. The profile also shows self-driven exploration of AI/ML technologies through hands-on experimentation with LLMs, RAG systems, and modern AI APIs."
CAND_0015023,66,0.1784,"Strong experience across operations, HR, marketing, and general management roles in enterprise environments, with demonstrated ability to lead teams, manage stakeholders, and deliver business outcomes. Exposure to technical tools such as Kubernetes, MLOps, Apache Beam, Go, Rust, and GraphQL suggests some familiarity with modern engineering ecosystems, although not in a primary engineering capacity. Experience across multiple functional domains highlights adaptability and cross-functional collaboration skills. The profile also shows curiosity and self-driven exploration of AI tools such as ChatGPT and other LLM-based systems for productivity and workflow enhancement."
CAND_0048454,67,0.1742,"Strong experience in software engineering across backend, mobile, and cloud-based systems in enterprise and fintech environments. Demonstrates solid expertise in REST APIs, microservices, Apache Flink, Snowflake, Vue.js, Scrum, and system design, indicating strong capability in building scalable production systems. The profile reflects a well-rounded software engineering background with exposure to both backend and frontend development. Also shows self-driven interest in AI/ML through experimentation with LLMs, RAG systems, and API-based AI tools, along with small personal projects in retrieval-based systems."
CAND_0047309,68,0.1629,"Experience in project management with strong exposure to Agile execution, stakeholder coordination, and cross-functional delivery in enterprise environments. Familiarity with tools such as Django, React, Kubernetes, PostgreSQL, Azure, and Databricks demonstrates solid exposure to modern software and cloud ecosystems. Background across engineering and management roles shows adaptability in working with both technical and business teams. Hands-on use of data platforms and cloud infrastructure indicates awareness of scalable system environments and data-driven workflows."
CAND_0072556,69,0.1584,"Experience in project management with exposure to cross-functional delivery, stakeholder coordination, and product execution across enterprise environments. Familiarity with technologies such as Kubernetes, microservices, JavaScript, TypeScript, Java, Snowflake, and Weights & Biases indicates exposure to modern software and data-driven ecosystems. Background across IT services and software roles demonstrates adaptability in working within structured engineering organizations. Experience working with analytics-oriented tools and systems reflects awareness of data-centric workflows used in modern technology teams."
CAND_0021842,70,0.1517,"Experience across content writing, operations, and business-facing roles with strong exposure to stakeholder communication, process management, and cross-functional coordination in enterprise environments. Familiarity with tools such as Salesforce CRM, SAP, Snowflake, HTML, Java, and gRPC indicates exposure to modern enterprise software and data systems. Background across multiple domains including operations, support, and engineering roles demonstrates adaptability and ability to work in structured organizational setups. Experience with analytics-oriented and CRM systems reflects exposure to data-driven business workflows commonly used in large-scale enterprises."
CAND_0028916,71,0.1498,"Experience in project management with strong exposure to cross-functional coordination, KPI ownership, and business execution across enterprise environments. Familiarity with tools such as dbt, SQL, Databricks, Go, Rust, and microservices indicates exposure to modern data engineering and backend development ecosystems. Background across multiple functional domains including operations, accounting, design, and engineering reflects adaptability and versatility in enterprise settings. Experience working with data and analytics-oriented tools suggests awareness of structured, data-driven workflows used in modern"
CAND_0087977,72,0.1468,"Experience in project management with consistent involvement in cross-functional delivery, stakeholder coordination, and execution across enterprise environments. Technical exposure to Spring Boot, Java, Node.js, Kubernetes, SQL, Airflow, and data pipelines reflects familiarity with backend systems and data-driven application workflows. Background spanning IT services, marketing, and engineering roles demonstrates adaptability across both technical and business domains. Experience working with structured engineering and data infrastructure environments indicates exposure to scalable software delivery practices."
CAND_0024037,73,0.1423,"Experience across engineering and project execution roles with exposure to cross-functional delivery and stakeholder coordination in enterprise environments. Familiarity with tools such as Snowflake, dbt, Terraform, Docker, Salesforce CRM, Figma, Vue.js, and Tailwind reflects exposure to modern cloud, data, and frontend ecosystems. Background spanning engineering, project management, and finance-related roles demonstrates adaptability across technical and business functions. Experience working with structured data and cloud-based tools indicates familiarity with data-driven software environments and enterprise-scale workflows."
CAND_0069198,74,0.1418,"Experience in project management with strong exposure to cross-functional execution, stakeholder coordination, and delivery across enterprise environments. Familiarity with technologies such as Apache Flink, microservices, GraphQL, TypeScript, Flask, Java, Snowflake, and Webpack indicates exposure to modern backend, data, and frontend ecosystems. Background across project management, business analysis, HR, and engineering roles demonstrates adaptability across multiple enterprise functions. Experience working with structured workflows and data-oriented systems reflects familiarity with scalable, data-driven software environments."
CAND_0064968,75,0.1396,"Experience in mobile and backend development with strong exposure to building scalable applications across fintech and enterprise environments. Technical background includes GCP, Airflow, Kafka, Terraform, SQL, microservices, and frontend fundamentals such as HTML and CSS, indicating familiarity with modern distributed systems and full-stack engineering workflows. Experience across multiple mobile and backend engineering roles reflects strong software delivery capability in production environments. Exposure to data and cloud infrastructure tools demonstrates awareness of systems commonly used in large-scale data-driven platforms."
CAND_0000242,76,0.1374,"Experience in project management and cross-functional delivery with strong involvement in coordinating teams, managing execution workflows, and driving outcomes across enterprise environments. Technical exposure to Django, Redis, Kubernetes, Node.js, Terraform, Apache Flink, Spark, and REST APIs indicates familiarity with modern backend systems, distributed computing, and cloud infrastructure. Background across project management, content creation, and design roles demonstrates adaptability across both technical and business-facing functions. Exposure to data processing and streaming tools reflects awareness of scalable, data-driven system architectures used in modern platforms."
CAND_0007098,77,0.1339,"Experience in project management with strong involvement in cross-functional execution, team coordination, and KPI-driven delivery across enterprise environments. Technical exposure to Spark, Hadoop, dbt, Redis, React, Tailwind, CSS, and Salesforce CRM reflects familiarity with modern data engineering tools and frontend/backend ecosystems. Background across project management, HR, engineering, and operations roles demonstrates adaptability in working across diverse business and technical functions. Exposure to data processing and analytics tools indicates awareness of scalable, data-driven workflows used in enterprise systems."
CAND_0011342,78,0.1317,"Experience in project management with strong exposure to cross-functional coordination, stakeholder management, and execution across enterprise environments. Technical familiarity with Kubernetes, Go, Rust, PostgreSQL, Webpack, CI/CD, and cloud-related workflows indicates exposure to modern software engineering and deployment ecosystems. Background across project management, HR, engineering, and content-related roles demonstrates adaptability across both technical and business functions. Experience working with structured engineering processes and backend systems reflects awareness of scalable, production-oriented software environments."
CAND_0099885,79,0.1315,"Experience in project management with strong involvement in cross-functional execution, stakeholder coordination, and delivery ownership across enterprise environments. Technical exposure to Kubernetes, Apache Beam, Flask, React, Java, SAP, and related enterprise tools indicates familiarity with modern software engineering and application development ecosystems. Background across project management, business analysis, content creation, and customer support demonstrates adaptability across both technical and non-technical roles. Exposure to cloud and data processing frameworks reflects awareness of scalable, data-driven system environments used in modern organizations."
CAND_0037095,80,0.1302,"Experience in project management with strong exposure to cross-functional coordination, stakeholder management, and execution across enterprise environments. Technical familiarity with Kafka, Apache Flink, Airflow, MongoDB, GraphQL, and TypeScript indicates exposure to modern data engineering and backend system ecosystems. Background across project management, operations, sales, and content roles demonstrates adaptability across multiple enterprise functions. Experience working with structured workflows and data-driven platforms reflects awareness of scalable software and data infrastructure environments used in modern organizations."
CAND_0066898,81,0.1289,"Experience in project management with strong exposure to cross-functional execution, stakeholder coordination, and delivery across enterprise environments. Technical familiarity with Apache Flink, gRPC, REST APIs, data pipelines, and feature engineering indicates exposure to modern data engineering and backend system workflows. Background across project management, mechanical engineering, sales, and accounting demonstrates adaptability across multiple business and operational domains. Experience working with structured data systems and workflow-driven environments reflects awareness of scalable enterprise software and data infrastructure practices."
CAND_0019729,82,0.1274,"Experience in project management with strong exposure to cross-functional leadership, stakeholder coordination, and execution across enterprise environments. Technical familiarity with Apache Beam, BigQuery, GraphQL, HTML, and TTS indicates exposure to modern data processing, backend systems, and web technologies. Background across project management, HR, operations, engineering, and design roles demonstrates adaptability across multiple enterprise functions. Experience working in structured, data-driven environments reflects awareness of scalable workflows used in modern software and analytics systems."
CAND_0057143,83,0.126,"Experience in project management with strong exposure to cross-functional leadership, stakeholder management, and execution across enterprise environments over a long professional span. Technical familiarity with Snowflake, PostgreSQL, Go, JavaScript, Kubernetes, and Excel indicates exposure to modern data systems, backend technologies, and cloud infrastructure environments. Background across project management, marketing, HR, sales, and engineering roles demonstrates adaptability across diverse enterprise functions. Exposure to structured data platforms and cloud-based systems reflects awareness of scalable, data-driven workflows used in modern technology organizations."
CAND_0042601,84,0.1246,"Experience in project management with strong exposure to cross-functional execution, stakeholder coordination, and delivery across enterprise environments. Technical familiarity with Apache Beam, Spark, Azure, MongoDB, ETL pipelines, and TypeScript indicates exposure to modern data engineering and cloud-based application ecosystems. Background across project management and business analysis roles demonstrates adaptability across both technical and business functions. Experience working with structured data workflows and analytics systems reflects awareness of scalable, data-driven enterprise environments."
CAND_0087366,85,0.1234,"Experience in operations management with strong exposure to cross-functional execution, stakeholder coordination, and large-scale organizational delivery across enterprise environments. Technical familiarity with Apache Beam, Terraform, Go, Java, MongoDB, PostgreSQL, Webpack, and Agile indicates exposure to modern software engineering, cloud infrastructure, and data systems. Background across operations, sales, engineering, and content roles demonstrates adaptability across multiple enterprise functions. Experience working with structured workflows and data-driven systems reflects awareness of scalable enterprise technology environments."
CAND_0068625,86,0.1219,"Experience in project management with strong exposure to cross-functional execution, stakeholder coordination, and business delivery across enterprise environments. Technical familiarity with MongoDB, REST APIs, CI/CD, Next.js, HTML, SEO, and CI/CD indicates exposure to modern web development and backend system ecosystems. Background across project management, marketing, sales, accounting, and engineering roles demonstrates adaptability across diverse enterprise functions. Experience working with structured workflows and data systems reflects awareness of scalable, technology-driven organizational environments."
CAND_0064487,87,0.1206,"Experience in marketing management with strong exposure to cross-functional execution, stakeholder coordination, and business delivery across enterprise environments. Technical familiarity with Snowflake, PostgreSQL, Docker, microservices, TypeScript, SAP, and speech recognition indicates exposure to modern data systems, backend services, and cloud-based architectures. Background across marketing, HR, sales, civil engineering, and operations roles demonstrates adaptability across diverse enterprise functions. Experience working with structured business workflows and data systems reflects awareness of scalable, technology-driven organizational environments."
CAND_0070439,88,0.1193,"Experience in project management with strong exposure to cross-functional execution, stakeholder coordination, and delivery across enterprise environments. Technical familiarity with Hadoop, Spark, Kafka, SQL, GraphQL, React, Django, Go, and BentoML indicates exposure to modern data engineering, backend systems, and ML-adjacent tooling. Background across project management, accounting, support, and IT services demonstrates adaptability across multiple enterprise functions. Experience working with structured data workflows and distributed systems reflects awareness of scalable, data-driven technology environments."
CAND_0039984,89,0.118,"Experience in operations management with strong exposure to cross-functional execution, stakeholder coordination, and delivery across enterprise environments. Technical familiarity with Angular, Flask, Apache Flink, Terraform, SQL, and microservices indicates exposure to modern software development frameworks, backend systems, and data processing pipelines. Background across operations management, mechanical engineering, business analysis, and design roles demonstrates adaptability across multiple enterprise functions. Experience working with structured workflows and data-driven systems reflects awareness of scalable, technology-enabled organizational environments."
CAND_0053057,90,0.1167,"Experience in project management with strong exposure to cross-functional execution, stakeholder coordination, and delivery across enterprise environments. Technical familiarity with Rust, Go, Terraform, Azure, ETL, data pipelines, and Salesforce CRM indicates exposure to modern backend systems, cloud infrastructure, and data engineering workflows. Background across project management, engineering, accounting, and enterprise roles demonstrates adaptability across multiple organizational functions. Experience working with structured workflows and data-driven systems reflects awareness of scalable, technology-enabled enterprise environments."
CAND_0097708,91,0.1154,"Experience in project management with strong exposure to cross-functional execution, stakeholder coordination, and delivery across enterprise environments. Technical familiarity with Spark, Kubernetes, PostgreSQL, GraphQL, Angular, Webpack, and Spark indicates exposure to modern data processing frameworks, backend systems, and frontend development ecosystems. Background across project management, sales, engineering, and operations roles demonstrates adaptability across multiple enterprise functions. Experience working with structured workflows and data-driven systems reflects awareness of scalable, technology-enabled enterprise environments."
CAND_0055980,92,0.1142,"Experience in operations management with strong exposure to cross-functional execution, stakeholder coordination, and delivery across enterprise environments. Technical familiarity with Kafka, Apache Beam, MongoDB, Vue.js, React, HTML, Rust, and Salesforce CRM indicates exposure to modern data processing systems, backend technologies, and frontend frameworks. Background across operations management, HR, engineering, business analysis, and support roles demonstrates adaptability across multiple enterprise functions. Experience working with structured workflows and data-driven systems reflects awareness of scalable, technology-enabled enterprise environments."
CAND_0032757,93,0.1129,"Experience in project management with strong exposure to cross-functional execution, stakeholder coordination, and delivery across enterprise environments. Technical familiarity with Kubernetes, Docker, BigQuery, Vue.js, Go, HTML, and basic data engineering tools indicates exposure to modern cloud infrastructure, backend systems, and frontend frameworks. Background across project management, business analysis, and content roles demonstrates adaptability across multiple enterprise functions. Experience working with structured workflows and data-driven systems reflects awareness of scalable, technology-enabled enterprise environments."
CAND_0066483,94,0.1117,"Experience in project management with strong exposure to cross-functional execution, stakeholder coordination, and delivery across enterprise environments. Technical familiarity with gRPC, ETL, Flask, TypeScript, and speech recognition indicates exposure to backend systems, data workflows, and modern application development frameworks. Background across project management, operations, business analysis, and design roles demonstrates adaptability across multiple enterprise functions. Experience working with structured workflows and data-driven systems reflects awareness of scalable, technology-enabled enterprise"
CAND_0061437,95,0.1105,"Experience in project management with strong exposure to cross-functional execution, stakeholder coordination, and delivery across enterprise environments. Technical familiarity with ETL, Apache Beam, PostgreSQL, Docker, MLflow, gRPC, and Salesforce CRM indicates exposure to modern data engineering workflows, backend systems, and ML-related tooling. Background across project management, business analysis, HR, and IT services demonstrates adaptability across multiple enterprise functions. Experience working with structured workflows and data systems reflects awareness of scalable, technology-enabled enterprise environments."
CAND_0070241,96,0.1093,"Experience in project management with strong exposure to cross-functional execution, stakeholder coordination, and delivery across enterprise environments. Technical familiarity with Apache Beam, BigQuery, Spark, Java, Redis, HTML, CI/CD, and CI/CD workflows indicates exposure to modern data processing systems, backend engineering, and cloud-based application environments. Background across project management and content-focused roles demonstrates adaptability across both technical and business functions. Experience working with structured workflows and data-driven systems reflects awareness of scalable, technology-enabled enterprise environments."
CAND_0004751,97,0.1081,"Experience in project management with strong exposure to cross-functional execution, stakeholder coordination, and delivery across enterprise environments. Technical familiarity with GCP, Spark, Databricks, Docker, Node.js, Angular, GraphQL, and CSS indicates exposure to modern cloud platforms, data processing systems, and full-stack application development environments. Background across project management, HR, and design roles demonstrates adaptability across both technical and business functions. Experience working with structured workflows and data-driven systems reflects awareness of scalable, technology-enabled enterprise environments."
CAND_0045318,98,0.1069,"Experience in marketing management with strong exposure to cross-functional execution, stakeholder coordination, and delivery across enterprise environments. Technical familiarity with CI/CD, Django, Kafka, Apache Beam, BentoML, Snowflake, PostgreSQL, Redis, and FastAPI indicates exposure to modern backend systems, data engineering pipelines, and ML-serving frameworks. Background across marketing, project management, accounting, and engineering roles demonstrates adaptability across multiple enterprise functions. Experience working with structured workflows and data-driven systems reflects awareness of scalable, technology-enabled enterprise environments."
CAND_0006120,99,0.1057,"Experience in project management with strong exposure to cross-functional execution, stakeholder coordination, and delivery across enterprise environments. Technical familiarity with Kafka, Airflow, Databricks, GCP, Terraform, Redis, and JavaScript indicates exposure to modern data engineering systems, cloud infrastructure, and distributed data workflows. Background across project management, sales, graphic design, and IT services demonstrates adaptability across multiple enterprise functions. Experience working with structured workflows and data-driven systems reflects awareness of scalable, technology-enabled enterprise environments."
CAND_0079408,100,0.1045,"Experience in operations management with strong exposure to cross-functional execution, stakeholder coordination, and delivery across enterprise environments. Technical familiarity with Apache Flink, REST APIs, Node.js, Java, TypeScript, and Webpack indicates exposure to modern backend systems, distributed processing frameworks, and application development ecosystems. Background across operations management, civil engineering, project management, and business analysis demonstrates adaptability across multiple enterprise functions. Experience working with structured workflows and data-driven systems reflects awareness of scalable, technology-enabled enterprise environments."
